cvd,proportion
0.0,0.8742154476751633
1.0,0.12578455232483668
