feature,n,chi2,dof,p_value,cramers_v,min_expected_cell,assumption_ok,p_value_bh
hypertension_told_code,7795,587.301,1,9.683266314745936e-130,0.274,369.75,True,5.809959788847562e-129
diabetes_told_code,7805,422.089,2,2.211107835463383e-92,0.233,33.97,True,6.633323506390149e-92
smoked_100_life_code,7779,180.617,1,3.5546025555890366e-41,0.152,405.92,True,7.109205111178073e-41
education_code,7782,144.213,4,3.536375706053513e-30,0.136,46.85,True,5.304563559080269e-30
sex_code,7807,36.512,1,1.5169649172413118e-09,0.068,438.48,True,1.820357900689574e-09
race_ethnicity_code,7295,24.921,4,5.2181250892673906e-05,0.058,52.82,True,5.2181250892673906e-05
