{
  "winsor_bounds": {
    "bmi": [
      -2.000000000000007,
      60.30000000000001
    ],
    "waist_cm": [
      21.5,
      179.0
    ],
    "sbp_avg": [
      44.66666666666677,
      198.66666666666657
    ],
    "dbp_avg": [
      24.3333333333333,
      124.6666666666667
    ],
    "total_chol": [
      -6.0,
      379.0
    ],
    "hdl": [
      -10.0,
      116.0
    ],
    "ldl": [
      -67.0,
      283.0
    ],
    "triglycerides": [
      -143.0,
      361.0
    ],
    "fasting_glucose": [
      40.0,
      166.0
    ],
    "hba1c": [
      3.4999999999999982,
      7.700000000000002
    ]
  },
  "metabolic_burden_zscore_stats": {
    "age_years": [
      53.44786269430052,
      17.51527828979133
    ],
    "sbp_avg": [
      122.99052385008518,
      17.927312812147377
    ],
    "hba1c": [
      5.6920513937282236,
      0.7146596212060301
    ],
    "chol_hdl_ratio": [
      3.647849678758862,
      1.1496208715279945
    ]
  },
  "random_state": 42,
  "test_size": 0.2
}